,username
0,rnerurkar
1,cmoe
2,abustion
3,afioregartland
4,ebishop
5,earriagagomez
6,aseese
7,cmarinimacouzet
8,epark
9,xli
10,aneufeld
11,ekarbassi
12,smakatsa
13,cseshadri
14,cduncombe
15,habdelaal
16,dnag
17,bwilliams
18,thimmelfarb
19,ebustad
20,ykushwaha
21,pliu
22,pbajpai
23,kghneim
24,apaul
25,apaul
26,jcollins
27,mislam
28,mfernandesgyorfy
29,dlee
30,mharband
31,asaha
32,zzhang
33,cle
34,jsung
35,akettlitz
36,snayak
37,wabdallah
38,mfiles
39,tmixon
40,nkieswetter
41,msegnitz
42,lhopkins
43,rcoler
44,qpham
45,heldesouky
46,lfleming
47,kmacphee
48,fdarboe
49,ssuliman
50,jernest
51,ndecastrosuarez
52,lwhitmore
53,rharne
54,sakins
55,bshehu
56,awald
57,somole
58,zfareed
59,shadifar
60,mbenito
61,bchendi
62,vprimavera
63,kphan
64,kstinson
65,asharma
66,ftencaten
67,vganusov
68,dkaushal
69,mbuziashvili
70,czhao
71,oolayemi
72,npho
73,awolde
74,kphan
75,yzhou
76,rrobinson
77,cwilliams
78,nrouthu
79,dgrosvenor
80,mwague
81,sshah
82,kdillmcfarland
83,sma
